{"pitch_frame": [-1.6179882939859838, 8.568413961579658, 147.79852850266582, 91.34709382758128], "pitch_phone": [-2.095715442988387, 8.973204615782377, 185.41209504470933, 58.08657168870574], "energy_frame": [-1.2708085775375366, 8.54506778717041, 56.0330916276688, 44.09247028350709], "energy_phone": [-1.4143072366714478, 5.074371337890625, 53.45327710272979, 37.79466873641971], "max_seq_len": 1483}